{"29-36": {"normalization": {"C:\\Users\\user\\sample_S1_L001_R1_001.fastq.gz": {"A17, A18, A19": {"bc_1": 2042.7982987843677, "bc_2": 2134.652461165304, "bc_4": 3085.7257674845832, "bc_3": 1639.9795241763027}}, "C:\\Users\\user\\sample_S1_L001_R1_001_2017_11_27.fastq.gz": {"A14": {"bc_1": 1779.1340396130815, "bc_2": 1807.1000855431994, "bc_3": 1785.7142857142856, "bc_4": 2279.2327433046}}, "C:\\Users\\user\\1_S1_L001_R1_001_2018_10_05.fastq.gz": {"A18": {"bc_1": 1875.3304601589641, "bc_2": 1892.4929353311334, "bc_3": 1940.019789654064, "bc_4": 2516.2828983195955}}}, "expression": {"C:\\Users\\user\\sample_S1_L001_R1_001_2017_11_27.fastq.gz": {"A15": {"bc_4": 2105.0540869871556, "bc_1": 414.6318656186822, "bc_3": 870.581941622443, "bc_2": 478.4213834061718}, "A16": {"bc_2": 491.25838797566706, "bc_4": 2225.4701795706196, "bc_1": 418.0922450856741, "bc_3": 871.8965361057494}}}, "mapping": {"C:\\Users\\user\\sample_S1_L001_R1_001_2017_11_27.fastq.gz": {"A5": {"bc_1": 1871.4148462673008, "bc_3": 2760.2824333185913, "bc_4": 276.6818224399851, "bc_2": 1387.7663062540985}, "A6": {"bc_2": 1901.2849294159128, "bc_1": 4452.696239234607, "bc_4": 403.1676180529831, "bc_3": 3066.1566819453806}}}}}